<?xml version="1.0" encoding="UTF-8"?>
<XMLDB PATH="/local/time_analysis/db" VERSION="2025040200" COMMENT="Time tracking table">
    <TABLES>
        <TABLE NAME="mdl_time" COMMENT="Stores required time to be spent on courses">
            <FIELDS>
                <FIELD NAME="id" TYPE="int" LENGTH="10" NOTNULL="true" SEQUENCE="true"/>
                <FIELD NAME="course_id" TYPE="int" LENGTH="10" NOTNULL="true"/>
                <FIELD NAME="category_id" TYPE="int" LENGTH="10" NOTNULL="true"/>
                <FIELD NAME="time_to_spent" TYPE="int" LENGTH="10" NOTNULL="true"/>
                <FIELD NAME="created_at" TYPE="int" LENGTH="10" NOTNULL="true"/>
                <FIELD NAME="updated_at" TYPE="int" LENGTH="10" NOTNULL="true"/>
            </FIELDS>
            <KEYS>
                <KEY NAME="primary" TYPE="primary" FIELDS="id"/>
                <KEY NAME="course_fk" TYPE="foreign" FIELDS="course_id" REFTABLE="course" REFFIELDS="id"/>
                <KEY NAME="category_fk" TYPE="foreign" FIELDS="category_id" REFTABLE="course_categories" REFFIELDS="id"/>
            </KEYS>
        </TABLE>
    </TABLES>
</XMLDB>
